dataset,setting,run,system,gt_variables,matched,correct_ancestor,coverage,accuracy,composite
cms,osl,t1,system_A,96,96,96,1.000000,1.000000,1.000000
cms,osl,t2,system_A,96,96,96,1.000000,1.000000,1.000000
cms,osl,t3,system_A,96,96,96,1.000000,1.000000,1.000000
cms,osl,t1,system_B,96,96,96,1.000000,1.000000,1.000000
cms,osl,t2,system_B,96,96,96,1.000000,1.000000,1.000000
cms,osl,t3,system_B,96,96,96,1.000000,1.000000,1.000000
cms,osl,t1,system_C,96,96,96,1.000000,1.000000,1.000000
cms,osl,t2,system_C,96,96,96,1.000000,1.000000,1.000000
cms,osl,t3,system_C,96,96,96,1.000000,1.000000,1.000000
cms,osl,t1,system_D,96,96,96,1.000000,1.000000,1.000000
cms,osl,t2,system_D,96,96,96,1.000000,1.000000,1.000000
cms,osl,t3,system_D,96,96,96,1.000000,1.000000,1.000000
cms,osl,t1,system_E,96,96,96,1.000000,1.000000,1.000000
cms,osl,t2,system_E,96,96,96,1.000000,1.000000,1.000000
cms,osl,t3,system_E,96,96,96,1.000000,1.000000,1.000000
cms,osl,t1,system_F,96,96,96,1.000000,1.000000,1.000000
cms,osl,t2,system_F,96,96,96,1.000000,1.000000,1.000000
cms,osl,t3,system_F,96,96,64,1.000000,0.666667,0.833333
cms,zero,t1,system_A,96,96,64,1.000000,0.666667,0.833333
cms,zero,t2,system_A,96,96,79,1.000000,0.822917,0.911458
cms,zero,t3,system_A,96,96,88,1.000000,0.916667,0.958333
cms,zero,t1,system_B,96,96,73,1.000000,0.760417,0.880208
cms,zero,t2,system_B,96,96,96,1.000000,1.000000,1.000000
cms,zero,t3,system_B,96,96,79,1.000000,0.822917,0.911458
cms,zero,t1,system_C,96,96,96,1.000000,1.000000,1.000000
cms,zero,t2,system_C,96,96,39,1.000000,0.406250,0.703125
cms,zero,t3,system_C,96,96,73,1.000000,0.760417,0.880208
cms,zero,t1,system_D,96,96,96,1.000000,1.000000,1.000000
cms,zero,t2,system_D,96,96,96,1.000000,1.000000,1.000000
cms,zero,t3,system_D,96,96,96,1.000000,1.000000,1.000000
cms,zero,t1,system_E,96,96,32,1.000000,0.333333,0.666667
cms,zero,t2,system_E,96,96,96,1.000000,1.000000,1.000000
cms,zero,t3,system_E,96,96,32,1.000000,0.333333,0.666667
cms,zero,t1,system_F,96,96,96,1.000000,1.000000,1.000000
cms,zero,t2,system_F,96,95,94,0.989583,0.989474,0.989529
cms,zero,t3,system_F,96,96,96,1.000000,1.000000,1.000000
cprd_gold,osl,t1,system_A,123,123,123,1.000000,1.000000,1.000000
cprd_gold,osl,t2,system_A,123,123,123,1.000000,1.000000,1.000000
cprd_gold,osl,t3,system_A,123,123,123,1.000000,1.000000,1.000000
cprd_gold,osl,t1,system_B,123,123,123,1.000000,1.000000,1.000000
cprd_gold,osl,t2,system_B,123,123,123,1.000000,1.000000,1.000000
cprd_gold,osl,t3,system_B,123,123,123,1.000000,1.000000,1.000000
cprd_gold,osl,t1,system_C,123,123,123,1.000000,1.000000,1.000000
cprd_gold,osl,t2,system_C,123,123,123,1.000000,1.000000,1.000000
cprd_gold,osl,t3,system_C,123,123,123,1.000000,1.000000,1.000000
cprd_gold,osl,t1,system_D,123,123,123,1.000000,1.000000,1.000000
cprd_gold,osl,t2,system_D,123,123,123,1.000000,1.000000,1.000000
cprd_gold,osl,t3,system_D,123,123,123,1.000000,1.000000,1.000000
cprd_gold,osl,t1,system_E,123,123,123,1.000000,1.000000,1.000000
cprd_gold,osl,t2,system_E,123,123,123,1.000000,1.000000,1.000000
cprd_gold,osl,t3,system_E,123,123,123,1.000000,1.000000,1.000000
cprd_gold,osl,t1,system_F,123,123,123,1.000000,1.000000,1.000000
cprd_gold,osl,t2,system_F,123,123,123,1.000000,1.000000,1.000000
cprd_gold,osl,t3,system_F,123,123,123,1.000000,1.000000,1.000000
cprd_gold,zero,t1,system_A,123,123,123,1.000000,1.000000,1.000000
cprd_gold,zero,t2,system_A,123,123,123,1.000000,1.000000,1.000000
cprd_gold,zero,t3,system_A,123,123,123,1.000000,1.000000,1.000000
cprd_gold,zero,t1,system_B,123,123,123,1.000000,1.000000,1.000000
cprd_gold,zero,t2,system_B,123,123,123,1.000000,1.000000,1.000000
cprd_gold,zero,t3,system_B,123,123,123,1.000000,1.000000,1.000000
cprd_gold,zero,t1,system_C,123,123,123,1.000000,1.000000,1.000000
cprd_gold,zero,t2,system_C,123,123,123,1.000000,1.000000,1.000000
cprd_gold,zero,t3,system_C,123,123,123,1.000000,1.000000,1.000000
cprd_gold,zero,t1,system_D,123,123,123,1.000000,1.000000,1.000000
cprd_gold,zero,t2,system_D,123,123,123,1.000000,1.000000,1.000000
cprd_gold,zero,t3,system_D,123,123,123,1.000000,1.000000,1.000000
cprd_gold,zero,t1,system_E,123,123,123,1.000000,1.000000,1.000000
cprd_gold,zero,t2,system_E,123,123,123,1.000000,1.000000,1.000000
cprd_gold,zero,t3,system_E,123,123,123,1.000000,1.000000,1.000000
cprd_gold,zero,t1,system_F,123,123,123,1.000000,1.000000,1.000000
cprd_gold,zero,t2,system_F,123,123,123,1.000000,1.000000,1.000000
cprd_gold,zero,t3,system_F,123,123,123,1.000000,1.000000,1.000000
imdb,osl,t1,system_A,39,39,33,1.000000,0.846154,0.923077
imdb,osl,t2,system_A,39,39,33,1.000000,0.846154,0.923077
imdb,osl,t3,system_A,39,39,33,1.000000,0.846154,0.923077
imdb,osl,t1,system_B,39,39,39,1.000000,1.000000,1.000000
imdb,osl,t2,system_B,39,39,39,1.000000,1.000000,1.000000
imdb,osl,t3,system_B,39,39,39,1.000000,1.000000,1.000000
imdb,osl,t1,system_C,39,39,39,1.000000,1.000000,1.000000
imdb,osl,t2,system_C,39,39,39,1.000000,1.000000,1.000000
imdb,osl,t3,system_C,39,39,39,1.000000,1.000000,1.000000
imdb,osl,t1,system_D,39,39,39,1.000000,1.000000,1.000000
imdb,osl,t2,system_D,39,39,39,1.000000,1.000000,1.000000
imdb,osl,t3,system_D,39,39,39,1.000000,1.000000,1.000000
imdb,osl,t1,system_E,39,39,39,1.000000,1.000000,1.000000
imdb,osl,t2,system_E,39,39,39,1.000000,1.000000,1.000000
imdb,osl,t3,system_E,39,39,39,1.000000,1.000000,1.000000
imdb,osl,t1,system_F,39,39,39,1.000000,1.000000,1.000000
imdb,osl,t2,system_F,39,39,39,1.000000,1.000000,1.000000
imdb,osl,t3,system_F,39,39,39,1.000000,1.000000,1.000000
imdb,zero,t1,system_A,39,39,33,1.000000,0.846154,0.923077
imdb,zero,t2,system_A,39,39,39,1.000000,1.000000,1.000000
imdb,zero,t3,system_A,39,39,28,1.000000,0.717949,0.858974
imdb,zero,t1,system_B,39,39,33,1.000000,0.846154,0.923077
imdb,zero,t2,system_B,39,39,33,1.000000,0.846154,0.923077
imdb,zero,t3,system_B,39,39,33,1.000000,0.846154,0.923077
imdb,zero,t1,system_C,39,39,33,1.000000,0.846154,0.923077
imdb,zero,t2,system_C,39,39,33,1.000000,0.846154,0.923077
imdb,zero,t3,system_C,39,39,39,1.000000,1.000000,1.000000
imdb,zero,t1,system_D,39,39,39,1.000000,1.000000,1.000000
imdb,zero,t2,system_D,39,39,39,1.000000,1.000000,1.000000
imdb,zero,t3,system_D,39,39,33,1.000000,0.846154,0.923077
imdb,zero,t1,system_E,39,39,33,1.000000,0.846154,0.923077
imdb,zero,t2,system_E,39,39,34,1.000000,0.871795,0.935897
imdb,zero,t3,system_E,39,39,33,1.000000,0.846154,0.923077
imdb,zero,t1,system_F,39,39,39,1.000000,1.000000,1.000000
imdb,zero,t2,system_F,39,39,39,1.000000,1.000000,1.000000
imdb,zero,t3,system_F,39,39,39,1.000000,1.000000,1.000000
sakila,osl,t1,system_A,90,90,90,1.000000,1.000000,1.000000
sakila,osl,t2,system_A,90,90,90,1.000000,1.000000,1.000000
sakila,osl,t3,system_A,90,90,90,1.000000,1.000000,1.000000
sakila,osl,t1,system_B,90,90,90,1.000000,1.000000,1.000000
sakila,osl,t2,system_B,90,90,90,1.000000,1.000000,1.000000
sakila,osl,t3,system_B,90,90,90,1.000000,1.000000,1.000000
sakila,osl,t1,system_C,90,90,90,1.000000,1.000000,1.000000
sakila,osl,t2,system_C,90,90,90,1.000000,1.000000,1.000000
sakila,osl,t3,system_C,90,90,90,1.000000,1.000000,1.000000
sakila,osl,t1,system_D,90,90,90,1.000000,1.000000,1.000000
sakila,osl,t2,system_D,90,90,90,1.000000,1.000000,1.000000
sakila,osl,t3,system_D,90,90,90,1.000000,1.000000,1.000000
sakila,osl,t1,system_E,90,90,90,1.000000,1.000000,1.000000
sakila,osl,t2,system_E,90,90,90,1.000000,1.000000,1.000000
sakila,osl,t3,system_E,90,90,90,1.000000,1.000000,1.000000
sakila,osl,t1,system_F,90,90,90,1.000000,1.000000,1.000000
sakila,osl,t2,system_F,90,90,90,1.000000,1.000000,1.000000
sakila,osl,t3,system_F,90,90,90,1.000000,1.000000,1.000000
sakila,zero,t1,system_A,90,89,89,0.988889,1.000000,0.994444
sakila,zero,t2,system_A,90,90,90,1.000000,1.000000,1.000000
sakila,zero,t3,system_A,90,90,90,1.000000,1.000000,1.000000
sakila,zero,t1,system_B,90,90,90,1.000000,1.000000,1.000000
sakila,zero,t2,system_B,90,90,90,1.000000,1.000000,1.000000
sakila,zero,t3,system_B,90,90,90,1.000000,1.000000,1.000000
sakila,zero,t1,system_C,90,90,90,1.000000,1.000000,1.000000
sakila,zero,t2,system_C,90,90,90,1.000000,1.000000,1.000000
sakila,zero,t3,system_C,90,90,90,1.000000,1.000000,1.000000
sakila,zero,t1,system_D,90,90,90,1.000000,1.000000,1.000000
sakila,zero,t2,system_D,90,90,90,1.000000,1.000000,1.000000
sakila,zero,t3,system_D,90,90,90,1.000000,1.000000,1.000000
sakila,zero,t1,system_E,90,90,87,1.000000,0.966667,0.983333
sakila,zero,t2,system_E,90,90,87,1.000000,0.966667,0.983333
sakila,zero,t3,system_E,90,90,90,1.000000,1.000000,1.000000
sakila,zero,t1,system_F,90,90,90,1.000000,1.000000,1.000000
sakila,zero,t2,system_F,90,90,90,1.000000,1.000000,1.000000
sakila,zero,t3,system_F,90,90,90,1.000000,1.000000,1.000000
