dataset,setting,system,n_runs,coverage_mean,accuracy_mean,composite_mean
cms,osl,system_A,3,1.000,1.000,1.000
cms,osl,system_B,3,1.000,1.000,1.000
cms,osl,system_C,3,1.000,1.000,1.000
cms,osl,system_D,3,1.000,1.000,1.000
cms,osl,system_E,3,1.000,1.000,1.000
cms,osl,system_F,3,1.000,0.889,0.944
cms,zero,system_A,3,1.000,0.802,0.901
cms,zero,system_B,3,1.000,0.861,0.931
cms,zero,system_C,3,1.000,0.722,0.861
cms,zero,system_D,3,1.000,1.000,1.000
cms,zero,system_E,3,1.000,0.556,0.778
cms,zero,system_F,3,0.997,0.996,0.997
cprd_gold,osl,system_A,3,1.000,1.000,1.000
cprd_gold,osl,system_B,3,1.000,1.000,1.000
cprd_gold,osl,system_C,3,1.000,1.000,1.000
cprd_gold,osl,system_D,3,1.000,1.000,1.000
cprd_gold,osl,system_E,3,1.000,1.000,1.000
cprd_gold,osl,system_F,3,1.000,1.000,1.000
cprd_gold,zero,system_A,3,1.000,1.000,1.000
cprd_gold,zero,system_B,3,1.000,1.000,1.000
cprd_gold,zero,system_C,3,1.000,1.000,1.000
cprd_gold,zero,system_D,3,1.000,1.000,1.000
cprd_gold,zero,system_E,3,1.000,1.000,1.000
cprd_gold,zero,system_F,3,1.000,1.000,1.000
imdb,osl,system_A,3,1.000,0.846,0.923
imdb,osl,system_B,3,1.000,1.000,1.000
imdb,osl,system_C,3,1.000,1.000,1.000
imdb,osl,system_D,3,1.000,1.000,1.000
imdb,osl,system_E,3,1.000,1.000,1.000
imdb,osl,system_F,3,1.000,1.000,1.000
imdb,zero,system_A,3,1.000,0.855,0.927
imdb,zero,system_B,3,1.000,0.846,0.923
imdb,zero,system_C,3,1.000,0.897,0.949
imdb,zero,system_D,3,1.000,0.949,0.974
imdb,zero,system_E,3,1.000,0.855,0.927
imdb,zero,system_F,3,1.000,1.000,1.000
sakila,osl,system_A,3,1.000,1.000,1.000
sakila,osl,system_B,3,1.000,1.000,1.000
sakila,osl,system_C,3,1.000,1.000,1.000
sakila,osl,system_D,3,1.000,1.000,1.000
sakila,osl,system_E,3,1.000,1.000,1.000
sakila,osl,system_F,3,1.000,1.000,1.000
sakila,zero,system_A,3,0.996,1.000,0.998
sakila,zero,system_B,3,1.000,1.000,1.000
sakila,zero,system_C,3,1.000,1.000,1.000
sakila,zero,system_D,3,1.000,1.000,1.000
sakila,zero,system_E,3,1.000,0.978,0.989
sakila,zero,system_F,3,1.000,1.000,1.000
